session_id,is_bot
koftcfkosigp4f2ibgfi0dm0co_0,0
89vshcu5jgp79ebb68f7jjkqc5_0,0
cmtn6a23es1vk1v038j2pd0cqa_0,0
cmtn6a23es1vk1v038j2pd0cqa_1,0
8is1s1cv7tu0c13vcqka04ck8m_0,0
8is1s1cv7tu0c13vcqka04ck8m_1,0
ad9scp2lb57iibuqakamfu5hjg_0,0
ad9scp2lb57iibuqakamfu5hjg_1,0
7a9emfkn0ri8ntg4k0uotsi07v_0,0
7a9emfkn0ri8ntg4k0uotsi07v_1,0
oq11t11ns4t2gj9cdnl10da80s_0,0
oq11t11ns4t2gj9cdnl10da80s_1,0
gt6ccjle54o9oqntbbt3vci5pa_0,0
q9ebqjoa4ni6shhp702u8eg2v2_0,0
p7g6ccuqqfum0pbfk5q82nhnam_0,0
j8e0t5t4nnr92fupp8rh18ihkq_0,0
fhob1hm9t3bm6ea9fm9fppec77_0,0
fhob1hm9t3bm6ea9fm9fppec77_1,0
m1rt858554qvald7e7pmrm1d8b_0,0
m1rt858554qvald7e7pmrm1d8b_1,0
4m80gpjmc7m39n63ksnr40i6fo_0,0
2ing4ldnnd40og2ej20qnsesbb_0,0
sfhla3ba8au3uncr3k687c8e55_1,0
sfhla3ba8au3uncr3k687c8e55_2,0
p5keafiscisucgq2tut00s0s7l_0,0
03jt2p4bdru20sjb9me2gco6j4_0,0
i6io829o6v8o8r5bo6tgoc903p_0,0
i6io829o6v8o8r5bo6tgoc903p_1,0
36rja5utab0pakj5136bi7rkop_0,0
36rja5utab0pakj5136bi7rkop_1,0
1hv0rajig2vijia10tvjvhq12e_0,0
1hv0rajig2vijia10tvjvhq12e_1,0
3dlhqa29pdkpur5c0fh3a1gcga_0,0
ibf972u5q4vlvvev54goetuber_0,0
n4sa8kulckaa6rohru1vnq336n_0,0
d0fqf9div7sivpkmojq2vkl5rj_0,0
cqifhegb8rual6rgoa4kp17cgp_0,0
1j8bfg4kkf15a9oj1igr147ol2_0,0
dathp4f9v59rcb8gv8qr01htqg_0,0
h6kek9u7g8sjqhdu2jr9fg6s5h_0,0
vofhhjsbkpj6kc9it95e76nu1a_0,0
vofhhjsbkpj6kc9it95e76nu1a_2,0
f8mmn03rdoojfjb50ma70ii8pg_0,0
6rm870g54tcodidn4igk93cg9t_0,0
1mvlnshabcf3gbr9subps50a00_0,0
d56qe8tlbmju1frcr1t6l1flja_0,0
ikchggsmhgkjur8n2t4f0c75uh_0,0
ml6u6ltsq0vhdsiqcbqnpbkh5k_0,0
dft8qvdauujqen81pdjev9po2o_0,0
u6rj19l797n5lnvk6qlunbmp8a_0,0
2ojc0m4iu85a1fggs34ppevk2k_0,0
7r2rm6dnna7k51md8e5m4ufpgs_0,0
5rr9dand0l9k30j3bb7jhskidi_0,0
76150kjid2p1e830ilbabbocir_0,0
rh5fn2njcglhb2avkv30id017u_0,0
0uhr32hgcllradm0p6b15371gi_0,0
0oi4fvkqd1acu5g08vep8eefqg_0,1
124nsuu4makfggp1h3ametehri_0,1
094i85crhkpkhqpi3rl4athrn4_0,1
0jfeqj4kpolvb97o2s5ks7l0j4_0,1
1m7s5287lpll34gm0amdciqvb5_0,1
7e7nf7k4fcjagt3nasaihu4scq_0,1
0ucre4qu5jiho5kbjq61hr495f_0,1
0vkricl80bt5v7n2s6bbhvlvk3_0,1
1onh1ot5pr6j6g739m8cp5dfj0_0,1
27479tfiqfgi99u7r4vq0q33db_0,1
1c1h9oumn2pa0pb04v8f6fn515_0,1
1g4h4vh4d2uv360aoo55b086hd_0,1
2vhdk7kkt7dtos2hn1fnlkf9ee_0,1
30jcp3kes0o21ej00145hji0gi_0,1
1gpqg899dn1eafk0j474koislc_0,1
1jtqu9bvu7bii5p6kcsbgqbqa3_0,1
37f112qml42d33pentjpilckno_0,1
3e1l4pk01sc0ailn31s1mk5482_0,1
1nbs17btpqhl48dfu2nklqhffq_0,1
1sijirkrahu3j2dp0qmb78691l_0,1
3p8qp6np717jbhmhu8329s9nb6_0,1
3r9cb69qg00fac5os9au9a745h_0,1
2cod58pj6b57pun9fl0vhiqoia_0,1
2h80p3ff9jpfboaddjevmi55rs_0,1
49smdeovekeq8fgrnfejp533r3_0,1
4fo576p1kf4i1frb6s4c07q3pp_0,1
2j54lp7l4tosj8qtp2jaq0654a_0,1
2k97re4f45gl0ktl40bav6lfqf_0,1
4h1710vfqecf0h4r5ns5tkv72t_0,1
4siqhlcume2me7ialjagodfeaa_0,1
2l614ncb4kp7p6q9b0a5ln3ao6_0,1
36m3d3mt4dfs9shoptldptokbe_0,1
3d46kbg48go8hu4srfkogn5p27_0,1
3io4o9tlg7fa20l20kbidpqh7f_0,1
3n5tfsl313lu7d2r708qdqtqe0_0,1
3nc17617gvarormtprojm161k4_0,1
3p6scp5rnqun6k08tnudv5gacg_0,1
453lvg24j5relktbluq4s08um3_0,1
4bnqt73v1q2ofhu8uj797irb7a_0,1
5c21arc60f2e89ghcan6ek4rv3_0,1
5ke7d1qpke4gbknkauee4runq1_0,1
5t832mbt4eh6u8rj4k6sml78rk_0,1
6epdcnda98fpecfs85jtpdm8bs_0,1
6erlvu5i411jk2mgv75rv363e7_0,1
6rb2dgd25a6v043offbhmlehl8_0,1
6t1t0stce6afdl4ob3hl152fnj_0,1
777aid4b8r0bh5do5ujttgh7me_0,1
7rgj8vp869l5hv128476ipugq0_0,1
7t04jne512skpddsh6v4p3k3th_0,1
8hj8u6nem85dat2rjgu8v7urhl_0,1
8kvar6qgj9j0r4qj5fcpkr3os4_0,1
8u4qvgq4v27s61p19tufp3e89i_0,1
9dsc15b0dug768h29lutm2sklo_0,1
9ppkomphkbu1dv8o483g64jqsv_0,1
a1cgh1mg2ljn1lrb41ud03f67i_0,1
ahpte8dp0s8io8sd28orasfpkj_0,1
akniekteebr1v6m9uetbh65sha_0,1
alj7kd9jmvubmb2khqu59nl9ho_0,1
ap7lk8nq9ssv9uftnfbf676nop_0,1
auss0hbmmf507a7eqq1i2ls24f_0,1
av66aadi59rs6j2njfq9ka2ab9_0,1
b6hfnt250mbc1h2qub8slvg0j4_0,1
b9k26s8r31dauqokj6svvbedc6_0,1
bbvicd8c0b0onlrtpspn8slmo3_0,1
bdc60f7qbpi1sk4b33k13c7adi_0,1
bdsf9dba41deu2j4744onppg6k_0,1
c4icboll633l807dsum9a4jf6f_0,1
caouro53ha6k4ktgr087r3mm3e_0,1
capa6qv5o85v96iqab45773l3v_0,1
cp0fsmlkqai46gpcgkf8uhel89_0,1
cs2g8i2bgh2nc7i5eiq23jp9lv_0,1
d30cg3kv9lg5tfrldsqj031l1k_0,1